page,intent,city,utility,expected_partner,actual_partner,paid_slots,errors,status
/about/,UNKNOWN,,UNKNOWN,NONE,NONE,0,,200
/alabama/birmingham/solar-permit-guide/,UNKNOWN,Birmingham,Alabama Power Company,NONE,NONE,0,,200
/alabama/,UNKNOWN,,UNKNOWN,NONE,NONE,0,,200
/alaska/anchorage/solar-permit-guide/,UNKNOWN,Anchorage,"Chugach Electric Association, Inc.",NONE,NONE,0,,200
/alaska/,UNKNOWN,,UNKNOWN,NONE,NONE,0,,200
/arizona/,UNKNOWN,,UNKNOWN,NONE,NONE,0,,200
/arizona/phoenix/solar-permit-guide/,UNKNOWN,Phoenix,Arizona Public Service (APS),NONE,NONE,0,,200
/arizona/tucson/solar-permit-guide/,UNKNOWN,Tucson,Tucson Electric Power (TEP),NONE,NONE,0,,200
/arkansas/,UNKNOWN,,UNKNOWN,NONE,NONE,0,,200
/arkansas/little-rock/solar-permit-guide/,UNKNOWN,Little Rock,"Entergy Arkansas, LLC",NONE,NONE,0,,200
/blog/california-sb868-plugin-solar-status/,UNKNOWN,,UNKNOWN,NONE,NONE,0,,200
/blog/city-permit-vs-utility-pto/,UNKNOWN,,UNKNOWN,NONE,NONE,0,,200
/blog/el-cerrito-solar-permit-plan-service/,UNKNOWN,,UNKNOWN,NONE,NONE,0,,200
/blog/epe-failed-solar-inspection-rec-meter/,UNKNOWN,,UNKNOWN,NONE,NONE,0,,200
/blog/,UNKNOWN,,UNKNOWN,NONE,NONE,0,,200
/blog/long-beach-solar-ess-express-vs-plan-review/,UNKNOWN,,UNKNOWN,NONE,NONE,0,,200
/blog/pge-nem3-calculator/,UNKNOWN,,UNKNOWN,NONE,NONE,0,,200
/blog/pge-no-pto-installer-closed/,UNKNOWN,,UNKNOWN,NONE,NONE,0,,200
/blog/pge-rate-hikes-2026/,UNKNOWN,,UNKNOWN,NONE,NONE,0,,200
/blog/pge-zero-export-solar-battery-interconnection/,UNKNOWN,,UNKNOWN,NONE,NONE,0,,200
/blog/sce-add-battery-existing-solar/,UNKNOWN,,UNKNOWN,NONE,NONE,0,,200
/blog/sce-guide/,UNKNOWN,,UNKNOWN,NONE,NONE,0,,200
/blog/sdge-battery-roi-guide/,BATTERY_RETROFIT,San Diego,San Diego Gas & Electric (SDG&E),compare-solar-prices,compare-solar-prices,1,,200
/blog/sdge-guide/,UNKNOWN,,UNKNOWN,NONE,NONE,0,,200
/blog/sgip-battery-rebates-california/,UNKNOWN,,UNKNOWN,NONE,NONE,0,,200
/blog/solar-battery-payback-nem3/,UNKNOWN,,UNKNOWN,NONE,NONE,0,,200
/blog/solarapp-eligibility-2026/,UNKNOWN,,UNKNOWN,NONE,NONE,0,,200
/blog/tesla-powerwall-3-vs-enphase-iq5p/,UNKNOWN,,UNKNOWN,NONE,NONE,0,,200
/california/alameda/solar-permit-guide/,UNKNOWN,Alameda,Alameda Municipal Power (AMP),NONE,NONE,0,,200
/california/albany/solar-permit-guide/,UNKNOWN,Albany,Pacific Gas & Electric (PG&E),NONE,NONE,0,,200
/california/alhambra/solar-permit-guide/,UNKNOWN,Alhambra,Southern California Edison (SCE),NONE,NONE,0,,200
/california/aliso-viejo/solar-permit-guide/,UNKNOWN,Aliso Viejo,Southern California Edison (SCE),NONE,NONE,0,,200
/california/american-canyon/solar-permit-guide/,UNKNOWN,American Canyon,Pacific Gas & Electric (PG&E),NONE,NONE,0,,200
/california/anaheim/solar-permit-guide/,NEW_SOLAR,Anaheim,Anaheim Public Utilities (APU),compare-solar-prices,compare-solar-prices,1,,200
/california/antioch/solar-permit-guide/,UNKNOWN,Antioch,Pacific Gas & Electric (PG&E),NONE,NONE,0,,200
/california/apple-valley/solar-permit-guide/,NEW_SOLAR,Apple Valley,Southern California Edison (SCE),compare-solar-prices,compare-solar-prices,1,,200
/california/arcadia/solar-permit-guide/,UNKNOWN,Arcadia,Southern California Edison (SCE),NONE,NONE,0,,200
/california/arroyo-grande/solar-permit-guide/,UNKNOWN,Arroyo Grande,Pacific Gas & Electric (PG&E),NONE,NONE,0,,200
/california/arvin/solar-permit-guide/,UNKNOWN,Arvin,Pacific Gas & Electric (PG&E),NONE,NONE,0,,200
/california/atascadero/solar-permit-guide/,UNKNOWN,Atascadero,Pacific Gas & Electric (PG&E),NONE,NONE,0,,200
/california/atherton/solar-permit-guide/,UNKNOWN,Atherton,Pacific Gas & Electric (PG&E),NONE,NONE,0,,200
/california/atwater/solar-permit-guide/,UNKNOWN,Atwater,Pacific Gas & Electric (PG&E),NONE,NONE,0,,200
/california/auburn/solar-permit-guide/,UNKNOWN,Auburn,Pacific Gas & Electric (PG&E),NONE,NONE,0,,200
/california/azusa/solar-permit-guide/,UNKNOWN,Azusa,Azusa Light & Water,NONE,NONE,0,,200
/california/bakersfield/solar-permit-guide/,UNKNOWN,Bakersfield,Pacific Gas & Electric (PG&E),NONE,NONE,0,,200
/california/baldwin-park/solar-permit-guide/,NEW_SOLAR,Baldwin Park,Southern California Edison (SCE),compare-solar-prices,compare-solar-prices,1,,200
/california/banning/solar-permit-guide/,UNKNOWN,Banning,Banning Electric Utility (BEU),NONE,NONE,0,,200
/california/barstow/solar-permit-guide/,UNKNOWN,Barstow,Southern California Edison (SCE),NONE,NONE,0,,200
/california/beaumont/solar-permit-guide/,NEW_SOLAR,Beaumont,Southern California Edison (SCE),compare-solar-prices,compare-solar-prices,1,,200
/california/belmont/solar-permit-guide/,UNKNOWN,Belmont,Pacific Gas & Electric (PG&E),NONE,NONE,0,,200
/california/benicia/solar-permit-guide/,UNKNOWN,Benicia,Pacific Gas & Electric (PG&E),NONE,NONE,0,,200
/california/berkeley/solar-permit-guide/,UNKNOWN,Berkeley,Pacific Gas and Electric Company (PG&E),NONE,NONE,0,,200
/california/beverly-hills/solar-permit-guide/,UNKNOWN,Beverly Hills,Southern California Edison (SCE),NONE,NONE,0,,200
/california/brea/solar-permit-guide/,NEW_SOLAR,Brea,Southern California Edison (SCE),compare-solar-prices,compare-solar-prices,1,,200
/california/brentwood/solar-permit-guide/,UNKNOWN,Brentwood,Pacific Gas & Electric (PG&E),NONE,NONE,0,,200
/california/buena-park/solar-permit-guide/,NEW_SOLAR,Buena Park,Southern California Edison (SCE),compare-solar-prices,compare-solar-prices,1,,200
/california/burbank/solar-permit-guide/,UNKNOWN,Burbank,Burbank Water and Power (BWP),NONE,NONE,0,,200
/california/burlingame/solar-permit-guide/,UNKNOWN,Burlingame,Pacific Gas and Electric Company (PG&E),NONE,NONE,0,,200
/california/camarillo/solar-permit-guide/,NEW_SOLAR,Camarillo,Southern California Edison (SCE),compare-solar-prices,compare-solar-prices,1,,200
/california/campbell/solar-permit-guide/,UNKNOWN,Campbell,Pacific Gas & Electric (PG&E),NONE,NONE,0,,200
/california/capitola/solar-permit-guide/,UNKNOWN,Capitola,Pacific Gas & Electric (PG&E),NONE,NONE,0,,200
/california/carlsbad/solar-permit-guide/,NEW_SOLAR,Carlsbad,San Diego Gas & Electric (SDG&E),compare-solar-prices,compare-solar-prices,1,,200
/california/carmel-by-the-sea/solar-permit-guide/,UNKNOWN,Carmel-by-the-Sea,Pacific Gas & Electric (PG&E),NONE,NONE,0,,200
/california/carpinteria/solar-permit-guide/,UNKNOWN,Carpinteria,Southern California Edison (SCE),NONE,NONE,0,,200
/california/carson/solar-permit-guide/,NEW_SOLAR,Carson,Southern California Edison (SCE),compare-solar-prices,compare-solar-prices,1,,200
/california/cathedral-city/solar-permit-guide/,NEW_SOLAR,Cathedral City,Southern California Edison,compare-solar-prices,compare-solar-prices,1,,200
/california/ceres/solar-permit-guide/,UNKNOWN,Ceres,Pacific Gas & Electric (PG&E),NONE,NONE,0,,200
/california/cerritos/solar-permit-guide/,NEW_SOLAR,Cerritos,Southern California Edison (SCE),compare-solar-prices,compare-solar-prices,1,,200
/california/chino-hills/solar-permit-guide/,NEW_SOLAR,Chino Hills,Southern California Edison (SCE),compare-solar-prices,compare-solar-prices,1,,200
/california/chino/solar-permit-guide/,NEW_SOLAR,Chino,Southern California Edison (SCE),compare-solar-prices,compare-solar-prices,1,,200
/california/chowchilla/solar-permit-guide/,UNKNOWN,Chowchilla,Pacific Gas & Electric (PG&E),NONE,NONE,0,,200
/california/chula-vista/solar-permit-guide/,NEW_SOLAR,Chula Vista,San Diego Gas & Electric (SDG&E),compare-solar-prices,compare-solar-prices,1,,200
/california/citrus-heights/solar-permit-guide/,UNKNOWN,Citrus Heights,Sacramento Municipal Utility District (SMUD),NONE,NONE,0,,200
/california/city-of-industry/solar-permit-guide/,UNKNOWN,City of Industry,Southern California Edison (SCE),NONE,NONE,0,,200
/california/colton/solar-permit-guide/,UNKNOWN,Colton,City of Colton Electric Utility,NONE,NONE,0,,200
/california/concord/solar-permit-guide/,UNKNOWN,Concord,Pacific Gas and Electric Company (PG&E),NONE,NONE,0,,200
/california/corcoran/solar-permit-guide/,UNKNOWN,Corcoran,Pacific Gas & Electric (PG&E),NONE,NONE,0,,200
/california/coronado/solar-permit-guide/,UNKNOWN,Coronado,San Diego Gas & Electric (SDG&E),NONE,NONE,0,,200
/california/corte-madera/solar-permit-guide/,UNKNOWN,Corte Madera,Pacific Gas & Electric (PG&E),NONE,NONE,0,,200
/california/costa-mesa/solar-permit-guide/,NEW_SOLAR,Costa Mesa,Southern California Edison (SCE),compare-solar-prices,compare-solar-prices,1,,200
/california/cotati/solar-permit-guide/,UNKNOWN,Cotati,Pacific Gas & Electric (PG&E),NONE,NONE,0,,200
/california/county/alameda/,UNKNOWN,,UNKNOWN,NONE,NONE,0,,200
/california/county/contra-costa/,UNKNOWN,,UNKNOWN,NONE,NONE,0,,200
/california/county/kern/,UNKNOWN,,UNKNOWN,NONE,NONE,0,,200
/california/county/los-angeles/,UNKNOWN,,UNKNOWN,NONE,NONE,0,,200
/california/county/marin/,UNKNOWN,,UNKNOWN,NONE,NONE,0,,200
/california/county/monterey/,UNKNOWN,,UNKNOWN,NONE,NONE,0,,200
/california/county/napa/,UNKNOWN,,UNKNOWN,NONE,NONE,0,,200
/california/county/orange/,UNKNOWN,,UNKNOWN,NONE,NONE,0,,200
/california/county/riverside/,UNKNOWN,,UNKNOWN,NONE,NONE,0,,200
/california/county/sacramento/,UNKNOWN,,UNKNOWN,NONE,NONE,0,,200
/california/county/san-bernardino/,UNKNOWN,,UNKNOWN,NONE,NONE,0,,200
/california/county/san-diego/,UNKNOWN,,UNKNOWN,NONE,NONE,0,,200
/california/county/san-joaquin/,UNKNOWN,,UNKNOWN,NONE,NONE,0,,200
/california/county/san-luis-obispo/,UNKNOWN,,UNKNOWN,NONE,NONE,0,,200
/california/county/san-mateo/,UNKNOWN,,UNKNOWN,NONE,NONE,0,,200
/california/county/santa-barbara/,UNKNOWN,,UNKNOWN,NONE,NONE,0,,200
/california/county/santa-clara/,UNKNOWN,,UNKNOWN,NONE,NONE,0,,200
/california/county/santa-cruz/,UNKNOWN,,UNKNOWN,NONE,NONE,0,,200
/california/county/solano/,UNKNOWN,,UNKNOWN,NONE,NONE,0,,200
/california/county/sonoma/,UNKNOWN,,UNKNOWN,NONE,NONE,0,,200
/california/county/stanislaus/,UNKNOWN,,UNKNOWN,NONE,NONE,0,,200
/california/county/ventura/,UNKNOWN,,UNKNOWN,NONE,NONE,0,,200
/california/covina/solar-permit-guide/,UNKNOWN,Covina,Southern California Edison (SCE),NONE,NONE,0,,200
/california/culver-city/solar-permit-guide/,UNKNOWN,Culver City,Southern California Edison (SCE),NONE,NONE,0,,200
/california/cupertino/solar-permit-guide/,UNKNOWN,Cupertino,Pacific Gas & Electric (PG&E),NONE,NONE,0,,200
/california/cypress/solar-permit-guide/,NEW_SOLAR,Cypress,Southern California Edison (SCE),compare-solar-prices,compare-solar-prices,1,,200
/california/daly-city/solar-permit-guide/,UNKNOWN,Daly City,Pacific Gas and Electric Company (PG&E),NONE,NONE,0,,200
/california/dana-point/solar-permit-guide/,UNKNOWN,Dana Point,San Diego Gas & Electric (SDG&E),NONE,NONE,0,,200
/california/danville/solar-permit-guide/,UNKNOWN,Danville,Pacific Gas & Electric (PG&E),NONE,NONE,0,,200
/california/davis/solar-permit-guide/,UNKNOWN,Davis,Pacific Gas and Electric Company (PG&E),NONE,NONE,0,,200
/california/del-mar/solar-permit-guide/,NEW_SOLAR,Del Mar,San Diego Gas & Electric (SDG&E),compare-solar-prices,compare-solar-prices,1,,200
/california/diamond-bar/solar-permit-guide/,UNKNOWN,Diamond Bar,Southern California Edison (SCE),NONE,NONE,0,,200
/california/dixon/solar-permit-guide/,UNKNOWN,Dixon,Pacific Gas & Electric (PG&E),NONE,NONE,0,,200
/california/downey/solar-permit-guide/,NEW_SOLAR,Downey,Southern California Edison (SCE),compare-solar-prices,compare-solar-prices,1,,200
/california/duarte/solar-permit-guide/,NEW_SOLAR,Duarte,Southern California Edison (SCE),compare-solar-prices,compare-solar-prices,1,,200
/california/dublin/solar-permit-guide/,UNKNOWN,Dublin,Pacific Gas & Electric (PG&E),NONE,NONE,0,,200
/california/east-palo-alto/solar-permit-guide/,UNKNOWN,East Palo Alto,Pacific Gas and Electric Company (PG&E),NONE,NONE,0,,200
/california/eastvale/solar-permit-guide/,NEW_SOLAR,Eastvale,Southern California Edison (SCE),compare-solar-prices,compare-solar-prices,1,,200
/california/el-cajon/solar-permit-guide/,NEW_SOLAR,El Cajon,San Diego Gas & Electric (SDG&E),compare-solar-prices,compare-solar-prices,1,,200
/california/el-cerrito/solar-permit-guide/,UNKNOWN,El Cerrito,Pacific Gas & Electric (PG&E),NONE,NONE,0,,200
/california/el-monte/solar-permit-guide/,NEW_SOLAR,El Monte,Southern California Edison (SCE),compare-solar-prices,compare-solar-prices,1,,200
/california/emeryville/solar-permit-guide/,UNKNOWN,Emeryville,Pacific Gas & Electric (PG&E),NONE,NONE,0,,200
/california/encinitas/solar-permit-guide/,NEW_SOLAR,Encinitas,San Diego Gas & Electric (SDG&E),compare-solar-prices,compare-solar-prices,1,,200
/california/escondido/solar-permit-guide/,NEW_SOLAR,Escondido,San Diego Gas & Electric (SDG&E),compare-solar-prices,compare-solar-prices,1,,200
/california/eureka/solar-permit-guide/,UNKNOWN,Eureka,Pacific Gas & Electric (PG&E),NONE,NONE,0,,200
/california/fairfax/solar-permit-guide/,UNKNOWN,Fairfax,Pacific Gas & Electric (PG&E),NONE,NONE,0,,200
/california/fairfield/solar-permit-guide/,UNKNOWN,Fairfield,Pacific Gas & Electric (PG&E),NONE,NONE,0,,200
/california/fillmore/solar-permit-guide/,UNKNOWN,Fillmore,Southern California Edison (SCE),NONE,NONE,0,,200
/california/folsom/solar-permit-guide/,UNKNOWN,Folsom,Sacramento Municipal Utility District (SMUD),NONE,NONE,0,,200
/california/fontana/solar-permit-guide/,NEW_SOLAR,Fontana,Southern California Edison (SCE),compare-solar-prices,compare-solar-prices,1,,200
/california/fortuna/solar-permit-guide/,UNKNOWN,Fortuna,Pacific Gas & Electric (PG&E),NONE,NONE,0,,200
/california/foster-city/solar-permit-guide/,UNKNOWN,Foster City,Pacific Gas & Electric (PG&E),NONE,NONE,0,,200
/california/fountain-valley/solar-permit-guide/,NEW_SOLAR,Fountain Valley,Southern California Edison (SCE),compare-solar-prices,compare-solar-prices,1,,200
/california/fremont/solar-permit-guide/,UNKNOWN,Fremont,Pacific Gas and Electric Company (PG&E),NONE,NONE,0,,200
/california/fresno/solar-permit-guide/,UNKNOWN,Fresno,Pacific Gas and Electric Company (PG&E),NONE,NONE,0,,200
/california/fullerton/solar-permit-guide/,NEW_SOLAR,Fullerton,Southern California Edison (SCE),compare-solar-prices,compare-solar-prices,1,,200
/california/garden-grove/solar-permit-guide/,NEW_SOLAR,Garden Grove,Southern California Edison (SCE),compare-solar-prices,compare-solar-prices,1,,200
/california/gardena/solar-permit-guide/,UNKNOWN,Gardena,Southern California Edison (SCE),NONE,NONE,0,,200
/california/gilroy/solar-permit-guide/,UNKNOWN,Gilroy,Pacific Gas & Electric (PG&E),NONE,NONE,0,,200
/california/glendale/solar-permit-guide/,NEW_SOLAR,Glendale,Glendale Water and Power (GWP),compare-solar-prices,compare-solar-prices,1,,200
/california/glendora/solar-permit-guide/,UNKNOWN,Glendora,Southern California Edison (SCE),NONE,NONE,0,,200
/california/goleta/solar-permit-guide/,UNKNOWN,Goleta,Southern California Edison (SCE),NONE,NONE,0,,200
/california/gonzales/solar-permit-guide/,UNKNOWN,Gonzales,Pacific Gas & Electric (PG&E),NONE,NONE,0,,200
/california/grass-valley/solar-permit-guide/,UNKNOWN,Grass Valley,Pacific Gas & Electric (PG&E),NONE,NONE,0,,200
/california/gridley/solar-permit-guide/,UNKNOWN,Gridley,Gridley Electric Utility,NONE,NONE,0,,200
/california/grover-beach/solar-permit-guide/,UNKNOWN,Grover Beach,Pacific Gas & Electric (PG&E),NONE,NONE,0,,200
/california/hanford/solar-permit-guide/,UNKNOWN,Hanford,Pacific Gas and Electric Company (PG&E),NONE,NONE,0,,200
/california/hawthorne/solar-permit-guide/,NEW_SOLAR,Hawthorne,Southern California Edison (SCE),compare-solar-prices,compare-solar-prices,1,,200
/california/hayward/solar-permit-guide/,UNKNOWN,Hayward,Pacific Gas and Electric Company (PG&E),NONE,NONE,0,,200
/california/healdsburg/solar-permit-guide/,UNKNOWN,Healdsburg,City of Healdsburg Electric Department,NONE,NONE,0,,200
/california/hemet/solar-permit-guide/,NEW_SOLAR,Hemet,Southern California Edison (SCE),compare-solar-prices,compare-solar-prices,1,,200
/california/hercules/solar-permit-guide/,UNKNOWN,Hercules,Pacific Gas & Electric (PG&E),NONE,NONE,0,,200
/california/hermosa-beach/solar-permit-guide/,UNKNOWN,Hermosa Beach,Southern California Edison (SCE),NONE,NONE,0,,200
/california/hesperia/solar-permit-guide/,NEW_SOLAR,Hesperia,Southern California Edison (SCE),compare-solar-prices,compare-solar-prices,1,,200
/california/highland/solar-permit-guide/,NEW_SOLAR,Highland,Southern California Edison (SCE),compare-solar-prices,compare-solar-prices,1,,200
/california/huntington-beach/solar-permit-guide/,NEW_SOLAR,Huntington Beach,Southern California Edison (SCE),compare-solar-prices,compare-solar-prices,1,,200
/california/imperial-beach/solar-permit-guide/,UNKNOWN,Imperial Beach,San Diego Gas & Electric (SDG&E),NONE,NONE,0,,200
/california/,UNKNOWN,,UNKNOWN,NONE,NONE,0,,200
/california/indio/solar-permit-guide/,NEW_SOLAR,Indio,Imperial Irrigation District,compare-solar-prices,compare-solar-prices,1,,200
/california/inglewood/solar-permit-guide/,NEW_SOLAR,Inglewood,Southern California Edison (SCE),compare-solar-prices,compare-solar-prices,1,,200
/california/irvine/solar-permit-guide/,NEW_SOLAR,Irvine,Southern California Edison (SCE),compare-solar-prices,compare-solar-prices,1,,200
/california/jurupa-valley/solar-permit-guide/,NEW_SOLAR,Jurupa Valley,Southern California Edison (SCE),compare-solar-prices,compare-solar-prices,1,,200
/california/king-city/solar-permit-guide/,UNKNOWN,King City,Pacific Gas & Electric (PG&E),NONE,NONE,0,,200
/california/kingsburg/solar-permit-guide/,UNKNOWN,Kingsburg,Pacific Gas & Electric (PG&E),NONE,NONE,0,,200
/california/la-habra/solar-permit-guide/,UNKNOWN,La Habra,Southern California Edison (SCE),NONE,NONE,0,,200
/california/la-mesa/solar-permit-guide/,NEW_SOLAR,La Mesa,San Diego Gas & Electric (SDG&E),compare-solar-prices,compare-solar-prices,1,,200
/california/la-verne/solar-permit-guide/,UNKNOWN,La Verne,Southern California Edison (SCE),NONE,NONE,0,,200
/california/lafayette/solar-permit-guide/,UNKNOWN,Lafayette,Pacific Gas & Electric (PG&E),NONE,NONE,0,,200
/california/laguna-beach/solar-permit-guide/,NEW_SOLAR,Laguna Beach,Southern California Edison (SCE),compare-solar-prices,compare-solar-prices,1,,200
/california/laguna-hills/solar-permit-guide/,UNKNOWN,Laguna Hills,Southern California Edison (SCE),NONE,NONE,0,,200
/california/laguna-niguel/solar-permit-guide/,UNKNOWN,Laguna Niguel,Southern California Edison (SCE),NONE,NONE,0,,200
/california/lake-elsinore/solar-permit-guide/,NEW_SOLAR,Lake Elsinore,Southern California Edison (SCE),compare-solar-prices,compare-solar-prices,1,,200
/california/lake-forest/solar-permit-guide/,NEW_SOLAR,Lake Forest,Southern California Edison (SCE),compare-solar-prices,compare-solar-prices,1,,200
/california/lakewood/solar-permit-guide/,NEW_SOLAR,Lakewood,Southern California Edison (SCE),compare-solar-prices,compare-solar-prices,1,,200
/california/lancaster/solar-permit-guide/,NEW_SOLAR,Lancaster,Southern California Edison (SCE),compare-solar-prices,compare-solar-prices,1,,200
/california/larkspur/solar-permit-guide/,UNKNOWN,Larkspur,Pacific Gas & Electric (PG&E),NONE,NONE,0,,200
/california/lemon-grove/solar-permit-guide/,UNKNOWN,Lemon Grove,San Diego Gas & Electric (SDG&E),NONE,NONE,0,,200
/california/lemoore/solar-permit-guide/,UNKNOWN,Lemoore,Pacific Gas & Electric (PG&E),NONE,NONE,0,,200
/california/lincoln/solar-permit-guide/,UNKNOWN,Lincoln,Pacific Gas & Electric (PG&E),NONE,NONE,0,,200
/california/livermore/solar-permit-guide/,UNKNOWN,Livermore,Pacific Gas & Electric (PG&E),NONE,NONE,0,,200
/california/lodi/solar-permit-guide/,UNKNOWN,Lodi,Lodi Electric Utility (LEU),NONE,NONE,0,,200
/california/loma-linda/solar-permit-guide/,NEW_SOLAR,Loma Linda,Southern California Edison (SCE),compare-solar-prices,compare-solar-prices,1,,200
/california/lompoc/solar-permit-guide/,UNKNOWN,Lompoc,"Lompoc Utilities (Electric Division, City of Lompoc)",NONE,NONE,0,,200
/california/long-beach/solar-permit-guide/,NEW_SOLAR,Long Beach,Southern California Edison (SCE),compare-solar-prices,compare-solar-prices,1,,200
/california/los-angeles/solar-permit-guide/,NEW_SOLAR,Los Angeles,Los Angeles Department of Water and Power (LADWP),compare-solar-prices,compare-solar-prices,1,,200
/california/los-banos/solar-permit-guide/,UNKNOWN,Los Banos,Pacific Gas & Electric (PG&E),NONE,NONE,0,,200
/california/los-gatos/solar-permit-guide/,UNKNOWN,Los Gatos,Pacific Gas & Electric (PG&E),NONE,NONE,0,,200
/california/madera/solar-permit-guide/,UNKNOWN,Madera,Pacific Gas and Electric Company (PG&E),NONE,NONE,0,,200
/california/malibu/solar-permit-guide/,UNKNOWN,Malibu,Southern California Edison (SCE),NONE,NONE,0,,200
/california/manhattan-beach/solar-permit-guide/,UNKNOWN,Manhattan Beach,Southern California Edison (SCE),NONE,NONE,0,,200
/california/manteca/solar-permit-guide/,UNKNOWN,Manteca,Pacific Gas and Electric Company (PG&E),NONE,NONE,0,,200
/california/marina/solar-permit-guide/,UNKNOWN,Marina,Pacific Gas & Electric (PG&E),NONE,NONE,0,,200
/california/martinez/solar-permit-guide/,UNKNOWN,Martinez,Pacific Gas & Electric (PG&E),NONE,NONE,0,,200
/california/menifee/solar-permit-guide/,NEW_SOLAR,Menifee,Southern California Edison (SCE),compare-solar-prices,compare-solar-prices,1,,200
/california/menlo-park/solar-permit-guide/,UNKNOWN,Menlo Park,Pacific Gas and Electric Company (PG&E),NONE,NONE,0,,200
/california/mill-valley/solar-permit-guide/,UNKNOWN,Mill Valley,Pacific Gas & Electric (PG&E),NONE,NONE,0,,200
/california/millbrae/solar-permit-guide/,UNKNOWN,Millbrae,Pacific Gas and Electric Company (PG&E),NONE,NONE,0,,200
/california/milpitas/solar-permit-guide/,UNKNOWN,Milpitas,Pacific Gas and Electric Company (PG&E),NONE,NONE,0,,200
/california/mission-viejo/solar-permit-guide/,UNKNOWN,Mission Viejo,Southern California Edison (SCE),NONE,NONE,0,,200
/california/modesto/solar-permit-guide/,UNKNOWN,Modesto,Modesto Irrigation District (MID),NONE,NONE,0,,200
/california/monrovia/solar-permit-guide/,UNKNOWN,Monrovia,Southern California Edison (SCE),NONE,NONE,0,,200
/california/monte-sereno/solar-permit-guide/,UNKNOWN,Monte Sereno,Pacific Gas & Electric (PG&E),NONE,NONE,0,,200
/california/monterey-park/solar-permit-guide/,UNKNOWN,Monterey Park,Southern California Edison (SCE),NONE,NONE,0,,200
/california/monterey/solar-permit-guide/,UNKNOWN,Monterey,Pacific Gas & Electric (PG&E),NONE,NONE,0,,200
/california/moorpark/solar-permit-guide/,UNKNOWN,Moorpark,Southern California Edison (SCE),NONE,NONE,0,,200
/california/moraga/solar-permit-guide/,UNKNOWN,Moraga,Pacific Gas & Electric (PG&E),NONE,NONE,0,,200
/california/moreno-valley/solar-permit-guide/,NEW_SOLAR,Moreno Valley,Southern California Edison (SCE),compare-solar-prices,compare-solar-prices,1,,200
/california/morgan-hill/solar-permit-guide/,UNKNOWN,Morgan Hill,Pacific Gas & Electric (PG&E),NONE,NONE,0,,200
/california/morro-bay/solar-permit-guide/,UNKNOWN,Morro Bay,Pacific Gas & Electric (PG&E),NONE,NONE,0,,200
/california/mountain-view/solar-permit-guide/,UNKNOWN,Mountain View,Pacific Gas & Electric (PG&E),NONE,NONE,0,,200
/california/murrieta/solar-permit-guide/,NEW_SOLAR,Murrieta,Southern California Edison (SCE),compare-solar-prices,compare-solar-prices,1,,200
/california/napa/solar-permit-guide/,UNKNOWN,Napa,Pacific Gas & Electric (PG&E),NONE,NONE,0,,200
/california/national-city/solar-permit-guide/,UNKNOWN,National City,San Diego Gas & Electric (SDG&E),NONE,NONE,0,,200
/california/nevada-city/solar-permit-guide/,UNKNOWN,Nevada City,Pacific Gas & Electric (PG&E),NONE,NONE,0,,200
/california/newark/solar-permit-guide/,UNKNOWN,Newark,Pacific Gas & Electric (PG&E),NONE,NONE,0,,200
/california/newport-beach/solar-permit-guide/,UNKNOWN,Newport Beach,Southern California Edison (SCE),NONE,NONE,0,,200
/california/norco/solar-permit-guide/,NEW_SOLAR,Norco,Southern California Edison (SCE),compare-solar-prices,compare-solar-prices,1,,200
/california/norwalk/solar-permit-guide/,NEW_SOLAR,Norwalk,Southern California Edison (SCE),compare-solar-prices,compare-solar-prices,1,,200
/california/novato/solar-permit-guide/,UNKNOWN,Novato,Pacific Gas & Electric (PG&E),NONE,NONE,0,,200
/california/oakdale/solar-permit-guide/,UNKNOWN,Oakdale,Pacific Gas & Electric (PG&E),NONE,NONE,0,,200
/california/oakland/solar-permit-guide/,UNKNOWN,Oakland,Pacific Gas and Electric Company (PG&E),NONE,NONE,0,,200
/california/oakley/solar-permit-guide/,UNKNOWN,Oakley,Pacific Gas & Electric (PG&E),NONE,NONE,0,,200
/california/oceanside/solar-permit-guide/,NEW_SOLAR,Oceanside,San Diego Gas & Electric (SDG&E),compare-solar-prices,compare-solar-prices,1,,200
/california/ojai/solar-permit-guide/,UNKNOWN,Ojai,Southern California Edison (SCE),NONE,NONE,0,,200
/california/ontario/solar-permit-guide/,NEW_SOLAR,Ontario,Southern California Edison (SCE),compare-solar-prices,compare-solar-prices,1,,200
/california/orange/solar-permit-guide/,NEW_SOLAR,Orange,Southern California Edison (SCE),compare-solar-prices,compare-solar-prices,1,,200
/california/orinda/solar-permit-guide/,UNKNOWN,Orinda,Pacific Gas & Electric (PG&E),NONE,NONE,0,,200
/california/oxnard/solar-permit-guide/,NEW_SOLAR,Oxnard,Southern California Edison (SCE),compare-solar-prices,compare-solar-prices,1,,200
/california/pacific-grove/solar-permit-guide/,UNKNOWN,Pacific Grove,Pacific Gas & Electric (PG&E),NONE,NONE,0,,200
/california/palm-springs/solar-permit-guide/,NEW_SOLAR,Palm Springs,Southern California Edison,compare-solar-prices,compare-solar-prices,1,,200
/california/palmdale/solar-permit-guide/,NEW_SOLAR,Palmdale,Southern California Edison (SCE),compare-solar-prices,compare-solar-prices,1,,200
/california/palo-alto/solar-permit-guide/,UNKNOWN,Palo Alto,City of Palo Alto Utilities (CPAU),NONE,NONE,0,,200
/california/paradise/solar-permit-guide/,UNKNOWN,Paradise,Pacific Gas & Electric (PG&E),NONE,NONE,0,,200
/california/pasadena/solar-permit-guide/,NEW_SOLAR,Pasadena,Pasadena Water and Power,compare-solar-prices,compare-solar-prices,1,,200
/california/paso-robles/solar-permit-guide/,UNKNOWN,Paso Robles,Pacific Gas & Electric (PG&E),NONE,NONE,0,,200
/california/perris/solar-permit-guide/,NEW_SOLAR,Perris,Southern California Edison (SCE),compare-solar-prices,compare-solar-prices,1,,200
/california/petaluma/solar-permit-guide/,UNKNOWN,Petaluma,Pacific Gas & Electric (PG&E),NONE,NONE,0,,200
/california/pico-rivera/solar-permit-guide/,UNKNOWN,Pico Rivera,Southern California Edison (SCE),NONE,NONE,0,,200
/california/pinole/solar-permit-guide/,UNKNOWN,Pinole,Pacific Gas & Electric (PG&E),NONE,NONE,0,,200
/california/pismo-beach/solar-permit-guide/,UNKNOWN,Pismo Beach,Pacific Gas & Electric (PG&E),NONE,NONE,0,,200
/california/pittsburg/solar-permit-guide/,UNKNOWN,Pittsburg,Pacific Gas & Electric (PG&E),NONE,NONE,0,,200
/california/placentia/solar-permit-guide/,UNKNOWN,Placentia,Southern California Edison (SCE),NONE,NONE,0,,200
/california/pleasant-hill/solar-permit-guide/,UNKNOWN,Pleasant Hill,Pacific Gas & Electric (PG&E),NONE,NONE,0,,200
/california/pleasanton/solar-permit-guide/,UNKNOWN,Pleasanton,Pacific Gas and Electric Company (PG&E),NONE,NONE,0,,200
/california/pomona/solar-permit-guide/,NEW_SOLAR,Pomona,Southern California Edison (SCE),compare-solar-prices,compare-solar-prices,1,,200
/california/porterville/solar-permit-guide/,UNKNOWN,Porterville,Pacific Gas & Electric (PG&E),NONE,NONE,0,,200
/california/portola-valley/solar-permit-guide/,UNKNOWN,Portola Valley,Pacific Gas & Electric (PG&E),NONE,NONE,0,,200
/california/poway/solar-permit-guide/,NEW_SOLAR,Poway,San Diego Gas & Electric (SDG&E),compare-solar-prices,compare-solar-prices,1,,200
/california/rancho-cordova/solar-permit-guide/,UNKNOWN,Rancho Cordova,Sacramento Municipal Utility District (SMUD),NONE,NONE,0,,200
/california/rancho-cucamonga/solar-permit-guide/,NEW_SOLAR,Rancho Cucamonga,Southern California Edison (SCE),compare-solar-prices,compare-solar-prices,1,,200
/california/rancho-santa-margarita/solar-permit-guide/,UNKNOWN,Rancho Santa Margarita,Southern California Edison (SCE),NONE,NONE,0,,200
/california/redlands/solar-permit-guide/,NEW_SOLAR,Redlands,Southern California Edison (SCE),compare-solar-prices,compare-solar-prices,1,,200
/california/redondo-beach/solar-permit-guide/,UNKNOWN,Redondo Beach,Southern California Edison (SCE),NONE,NONE,0,,200
/california/redwood-city/solar-permit-guide/,UNKNOWN,Redwood City,Pacific Gas and Electric Company (PG&E),NONE,NONE,0,,200
/california/rialto/solar-permit-guide/,NEW_SOLAR,Rialto,Southern California Edison (SCE),compare-solar-prices,compare-solar-prices,1,,200
/california/richmond/solar-permit-guide/,UNKNOWN,Richmond,Pacific Gas and Electric Company (PG&E),NONE,NONE,0,,200
/california/riverbank/solar-permit-guide/,UNKNOWN,Riverbank,Pacific Gas & Electric (PG&E),NONE,NONE,0,,200
/california/riverside/solar-permit-guide/,NEW_SOLAR,Riverside,Riverside Public Utilities (RPU),compare-solar-prices,compare-solar-prices,1,,200
/california/rohnert-park/solar-permit-guide/,UNKNOWN,Rohnert Park,Pacific Gas & Electric (PG&E),NONE,NONE,0,,200
/california/rosemead/solar-permit-guide/,UNKNOWN,Rosemead,Southern California Edison (SCE),NONE,NONE,0,,200
/california/roseville/solar-permit-guide/,UNKNOWN,Roseville,Roseville Electric Utility,NONE,NONE,0,,200
/california/ross/solar-permit-guide/,UNKNOWN,Ross,Pacific Gas & Electric (PG&E),NONE,NONE,0,,200
/california/sacramento/solar-permit-guide/,UNKNOWN,Sacramento,Sacramento Municipal Utility District (SMUD),NONE,NONE,0,,200
/california/salinas/solar-permit-guide/,UNKNOWN,Salinas,Pacific Gas & Electric (PG&E),NONE,NONE,0,,200
/california/san-anselmo/solar-permit-guide/,UNKNOWN,San Anselmo,Pacific Gas & Electric (PG&E),NONE,NONE,0,,200
/california/san-bernardino/solar-permit-guide/,NEW_SOLAR,San Bernardino,Southern California Edison (SCE),compare-solar-prices,compare-solar-prices,1,,200
/california/san-bruno/solar-permit-guide/,UNKNOWN,San Bruno,Pacific Gas and Electric Company (PG&E),NONE,NONE,0,,200
/california/san-carlos/solar-permit-guide/,UNKNOWN,San Carlos,Pacific Gas & Electric (PG&E),NONE,NONE,0,,200
/california/san-clemente/solar-permit-guide/,NEW_SOLAR,San Clemente,San Diego Gas & Electric (SDG&E),compare-solar-prices,compare-solar-prices,1,,200
/california/san-diego/solar-permit-guide/,NEW_SOLAR,San Diego,San Diego Gas & Electric (SDG&E),compare-solar-prices,compare-solar-prices,1,,200
/california/san-dimas/solar-permit-guide/,UNKNOWN,San Dimas,Southern California Edison (SCE),NONE,NONE,0,,200
/california/san-francisco/solar-permit-guide/,UNKNOWN,San Francisco,Pacific Gas & Electric (PG&E),NONE,NONE,0,,200
/california/san-gabriel/solar-permit-guide/,UNKNOWN,San Gabriel,Southern California Edison (SCE),NONE,NONE,0,,200
/california/san-jacinto/solar-permit-guide/,NEW_SOLAR,San Jacinto,Southern California Edison (SCE),compare-solar-prices,compare-solar-prices,1,,200
/california/san-jose/solar-permit-guide/,UNKNOWN,San José,Pacific Gas and Electric Company (PG&E),NONE,NONE,0,,200
/california/san-juan-capistrano/solar-permit-guide/,UNKNOWN,San Juan Capistrano,San Diego Gas & Electric (SDG&E),NONE,NONE,0,,200
/california/san-leandro/solar-permit-guide/,UNKNOWN,San Leandro,Pacific Gas and Electric Company (PG&E),NONE,NONE,0,,200
/california/san-luis-obispo/solar-permit-guide/,UNKNOWN,San Luis Obispo,Pacific Gas & Electric (PG&E),NONE,NONE,0,,200
/california/san-marcos/solar-permit-guide/,UNKNOWN,San Marcos,San Diego Gas & Electric (SDG&E),NONE,NONE,0,,200
/california/san-mateo/solar-permit-guide/,UNKNOWN,San Mateo,Pacific Gas and Electric Company (PG&E),NONE,NONE,0,,200
/california/san-pablo/solar-permit-guide/,UNKNOWN,San Pablo,Pacific Gas & Electric (PG&E),NONE,NONE,0,,200
/california/san-rafael/solar-permit-guide/,UNKNOWN,San Rafael,Pacific Gas & Electric (PG&E),NONE,NONE,0,,200
/california/san-ramon/solar-permit-guide/,UNKNOWN,San Ramon,Pacific Gas & Electric (PG&E),NONE,NONE,0,,200
/california/santa-ana/solar-permit-guide/,NEW_SOLAR,Santa Ana,Southern California Edison (SCE),compare-solar-prices,compare-solar-prices,1,,200
/california/santa-barbara/solar-permit-guide/,UNKNOWN,Santa Barbara,Southern California Edison (SCE),NONE,NONE,0,,200
/california/santa-clara/solar-permit-guide/,UNKNOWN,Santa Clara,Silicon Valley Power (SVP),NONE,NONE,0,,200
/california/santa-clarita/solar-permit-guide/,NEW_SOLAR,Santa Clarita,Southern California Edison (SCE),compare-solar-prices,compare-solar-prices,1,,200
/california/santa-cruz/solar-permit-guide/,UNKNOWN,Santa Cruz,Pacific Gas & Electric (PG&E),NONE,NONE,0,,200
/california/santa-maria/solar-permit-guide/,UNKNOWN,Santa Maria,Pacific Gas & Electric (PG&E),NONE,NONE,0,,200
/california/santa-monica/solar-permit-guide/,UNKNOWN,Santa Monica,Southern California Edison (SCE),NONE,NONE,0,,200
/california/santa-paula/solar-permit-guide/,UNKNOWN,Santa Paula,Southern California Edison (SCE),NONE,NONE,0,,200
/california/santa-rosa/solar-permit-guide/,UNKNOWN,Santa Rosa,Pacific Gas and Electric Company (PG&E),NONE,NONE,0,,200
/california/santee/solar-permit-guide/,NEW_SOLAR,Santee,San Diego Gas & Electric (SDG&E),compare-solar-prices,compare-solar-prices,1,,200
/california/saratoga/solar-permit-guide/,UNKNOWN,Saratoga,Pacific Gas & Electric (PG&E),NONE,NONE,0,,200
/california/scotts-valley/solar-permit-guide/,UNKNOWN,Scotts Valley,Pacific Gas & Electric (PG&E),NONE,NONE,0,,200
/california/seal-beach/solar-permit-guide/,UNKNOWN,Seal Beach,Southern California Edison (SCE),NONE,NONE,0,,200
/california/seaside/solar-permit-guide/,UNKNOWN,Seaside,Pacific Gas & Electric (PG&E),NONE,NONE,0,,200
/california/sebastopol/solar-permit-guide/,UNKNOWN,Sebastopol,Pacific Gas & Electric (PG&E),NONE,NONE,0,,200
/california/selma/solar-permit-guide/,UNKNOWN,Selma,Pacific Gas & Electric (PG&E),NONE,NONE,0,,200
/california/shafter/solar-permit-guide/,UNKNOWN,Shafter,Pacific Gas & Electric (PG&E),NONE,NONE,0,,200
/california/shasta-lake/solar-permit-guide/,UNKNOWN,Shasta Lake,Shasta Lake Municipal Utility,NONE,NONE,0,,200
/california/sierra-madre/solar-permit-guide/,UNKNOWN,Sierra Madre,Southern California Edison (SCE),NONE,NONE,0,,200
/california/simi-valley/solar-permit-guide/,NEW_SOLAR,Simi Valley,Southern California Edison (SCE),compare-solar-prices,compare-solar-prices,1,,200
/california/solana-beach/solar-permit-guide/,UNKNOWN,Solana Beach,San Diego Gas & Electric (SDG&E),NONE,NONE,0,,200
/california/solar-permit-guides/,UNKNOWN,,UNKNOWN,NONE,NONE,0,,200
/california/solar-permit-timeline/,UNKNOWN,,UNKNOWN,NONE,NONE,0,,200
/california/soledad/solar-permit-guide/,UNKNOWN,Soledad,Pacific Gas & Electric (PG&E),NONE,NONE,0,,200
/california/sonoma/solar-permit-guide/,UNKNOWN,Sonoma,Pacific Gas & Electric (PG&E),NONE,NONE,0,,200
/california/south-el-monte/solar-permit-guide/,UNKNOWN,South El Monte,Southern California Edison (SCE),NONE,NONE,0,,200
/california/south-san-francisco/solar-permit-guide/,UNKNOWN,South San Francisco,Pacific Gas and Electric Company (PG&E),NONE,NONE,0,,200
/california/st-helena/solar-permit-guide/,UNKNOWN,St. Helena,Pacific Gas & Electric (PG&E),NONE,NONE,0,,200
/california/stockton/solar-permit-guide/,UNKNOWN,Stockton,Pacific Gas and Electric Company (PG&E),NONE,NONE,0,,200
/california/suisun-city/solar-permit-guide/,UNKNOWN,Suisun City,Pacific Gas & Electric (PG&E),NONE,NONE,0,,200
/california/sunnyvale/solar-permit-guide/,UNKNOWN,Sunnyvale,Pacific Gas & Electric (PG&E),NONE,NONE,0,,200
/california/tehachapi/solar-permit-guide/,UNKNOWN,Tehachapi,Pacific Gas & Electric (PG&E),NONE,NONE,0,,200
/california/temecula/solar-permit-guide/,NEW_SOLAR,Temecula,Southern California Edison (SCE),compare-solar-prices,compare-solar-prices,1,,200
/california/temple-city/solar-permit-guide/,UNKNOWN,Temple City,Southern California Edison (SCE),NONE,NONE,0,,200
/california/thousand-oaks/solar-permit-guide/,NEW_SOLAR,Thousand Oaks,Southern California Edison (SCE),compare-solar-prices,compare-solar-prices,1,,200
/california/tiburon/solar-permit-guide/,UNKNOWN,Tiburon,Pacific Gas & Electric (PG&E),NONE,NONE,0,,200
/california/torrance/solar-permit-guide/,NEW_SOLAR,Torrance,Southern California Edison (SCE),compare-solar-prices,compare-solar-prices,1,,200
/california/tracy/solar-permit-guide/,UNKNOWN,Tracy,Pacific Gas and Electric Company (PG&E),NONE,NONE,0,,200
/california/truckee/solar-permit-guide/,UNKNOWN,Truckee,Truckee Donner Public Utility District (TDPUD),NONE,NONE,0,,200
/california/tulare/solar-permit-guide/,UNKNOWN,Tulare,Southern California Edison (SCE),NONE,NONE,0,,200
/california/turlock/solar-permit-guide/,UNKNOWN,Turlock,Turlock Irrigation District (TID),NONE,NONE,0,,200
/california/tustin/solar-permit-guide/,UNKNOWN,Tustin,Southern California Edison (SCE),NONE,NONE,0,,200
/california/union-city/solar-permit-guide/,UNKNOWN,Union City,Pacific Gas & Electric (PG&E),NONE,NONE,0,,200
/california/upland/solar-permit-guide/,NEW_SOLAR,Upland,Southern California Edison (SCE),compare-solar-prices,compare-solar-prices,1,,200
/california/utility/pg-e/,UNKNOWN,,UNKNOWN,NONE,NONE,0,,200
/california/utility/sce/,UNKNOWN,,UNKNOWN,NONE,NONE,0,,200
/california/utility/sdg-e/,UNKNOWN,,UNKNOWN,NONE,NONE,0,,200
/california/utility/smud/,UNKNOWN,,UNKNOWN,NONE,NONE,0,,200
/california/vacaville/solar-permit-guide/,UNKNOWN,Vacaville,Pacific Gas & Electric (PG&E),NONE,NONE,0,,200
/california/vallejo/solar-permit-guide/,UNKNOWN,Vallejo,Pacific Gas & Electric (PG&E),NONE,NONE,0,,200
/california/ventura/solar-permit-guide/,NEW_SOLAR,Ventura,Southern California Edison (SCE),compare-solar-prices,compare-solar-prices,1,,200
/california/victorville/solar-permit-guide/,NEW_SOLAR,Victorville,Southern California Edison (SCE),compare-solar-prices,compare-solar-prices,1,,200
/california/visalia/solar-permit-guide/,UNKNOWN,Visalia,Southern California Edison (SCE),NONE,NONE,0,,200
/california/vista/solar-permit-guide/,NEW_SOLAR,Vista,San Diego Gas & Electric (SDG&E),compare-solar-prices,compare-solar-prices,1,,200
/california/walnut-creek/solar-permit-guide/,UNKNOWN,Walnut Creek,Pacific Gas & Electric (PG&E),NONE,NONE,0,,200
/california/walnut/solar-permit-guide/,UNKNOWN,Walnut,Southern California Edison (SCE),NONE,NONE,0,,200
/california/wasco/solar-permit-guide/,UNKNOWN,Wasco,Pacific Gas & Electric (PG&E),NONE,NONE,0,,200
/california/watsonville/solar-permit-guide/,UNKNOWN,Watsonville,Pacific Gas & Electric (PG&E),NONE,NONE,0,,200
/california/west-covina/solar-permit-guide/,NEW_SOLAR,West Covina,Southern California Edison (SCE),compare-solar-prices,compare-solar-prices,1,,200
/california/west-hollywood/solar-permit-guide/,UNKNOWN,West Hollywood,Southern California Edison (SCE),NONE,NONE,0,,200
/california/west-sacramento/solar-permit-guide/,UNKNOWN,West Sacramento,Pacific Gas and Electric Company (PG&E),NONE,NONE,0,,200
/california/westminster/solar-permit-guide/,UNKNOWN,Westminster,Southern California Edison (SCE),NONE,NONE,0,,200
/california/whittier/solar-permit-guide/,NEW_SOLAR,Whittier,Southern California Edison (SCE),compare-solar-prices,compare-solar-prices,1,,200
/california/willits/solar-permit-guide/,UNKNOWN,Willits,Pacific Gas & Electric (PG&E),NONE,NONE,0,,200
/california/windsor/solar-permit-guide/,UNKNOWN,Windsor,Pacific Gas & Electric (PG&E),NONE,NONE,0,,200
/california/woodland/solar-permit-guide/,UNKNOWN,Woodland,Pacific Gas and Electric Company (PG&E),NONE,NONE,0,,200
/california/woodside/solar-permit-guide/,UNKNOWN,Woodside,Pacific Gas & Electric (PG&E),NONE,NONE,0,,200
/california/yorba-linda/solar-permit-guide/,NEW_SOLAR,Yorba Linda,Southern California Edison (SCE),compare-solar-prices,compare-solar-prices,1,,200
/california/yountville/solar-permit-guide/,UNKNOWN,Yountville,Pacific Gas & Electric (PG&E),NONE,NONE,0,,200
/california/yuba-city/solar-permit-guide/,UNKNOWN,Yuba City,Pacific Gas & Electric (PG&E),NONE,NONE,0,,200
/california/yucaipa/solar-permit-guide/,NEW_SOLAR,Yucaipa,Southern California Edison (SCE),compare-solar-prices,compare-solar-prices,1,,200
/colorado/colorado-springs/solar-permit-guide/,UNKNOWN,Colorado Springs,Colorado Springs Utilities (CSU),NONE,NONE,0,,200
/colorado/denver/solar-permit-guide/,UNKNOWN,Denver,Public Service Company of Colorado (Xcel Energy),NONE,NONE,0,,200
/colorado/,UNKNOWN,,UNKNOWN,NONE,NONE,0,,200
/connecticut/guilford/solar-permit-guide/,UNKNOWN,Guilford,Eversource,NONE,NONE,0,,200
/connecticut/,UNKNOWN,,UNKNOWN,NONE,NONE,0,,200
/contact/,UNKNOWN,,UNKNOWN,NONE,NONE,0,,200
/delaware/,UNKNOWN,,UNKNOWN,NONE,NONE,0,,200
/delaware/new-castle-county/solar-permit-guide/,UNKNOWN,New Castle County,Delmarva Power (an Exelon company),NONE,NONE,0,,200
/florida/brevard-county/solar-permit-guide/,UNKNOWN,Brevard County,Florida Power & Light (FPL),NONE,NONE,0,,200
/florida/,UNKNOWN,,UNKNOWN,NONE,NONE,0,,200
/for-installers/,UNKNOWN,,UNKNOWN,NONE,NONE,0,,200
/georgia/augusta/solar-permit-guide/,UNKNOWN,Augusta,Georgia Power,NONE,NONE,0,,200
/georgia/,UNKNOWN,,UNKNOWN,NONE,NONE,0,,200
/hawaii/hilo/solar-permit-guide/,UNKNOWN,Hilo,Hawaii Electric Light Company (HELCO),NONE,NONE,0,,200
/hawaii/honolulu/solar-permit-guide/,UNKNOWN,Honolulu,Hawaiian Electric Company (HECO),NONE,NONE,0,,200
/hawaii/,UNKNOWN,,UNKNOWN,NONE,NONE,0,,200
/hawaii/kahului/solar-permit-guide/,UNKNOWN,Kahului,Maui Electric Company (MECO),NONE,NONE,0,,200
/how-it-works/,UNKNOWN,,UNKNOWN,NONE,NONE,0,,200
/idaho/boise/solar-permit-guide/,UNKNOWN,Boise,Idaho Power,NONE,NONE,0,,200
/idaho/,UNKNOWN,,UNKNOWN,NONE,NONE,0,,200
/illinois/chicago/solar-permit-guide/,UNKNOWN,Chicago,Commonwealth Edison (ComEd),NONE,NONE,0,,200
/illinois/,UNKNOWN,,UNKNOWN,NONE,NONE,0,,200
/illinois/naperville/solar-permit-guide/,UNKNOWN,Naperville,Naperville Electric Utility,NONE,NONE,0,,200
/,UNKNOWN,,UNKNOWN,NONE,NONE,0,,200
/indiana/,UNKNOWN,,UNKNOWN,NONE,NONE,0,,200
/iowa/,UNKNOWN,,UNKNOWN,NONE,NONE,0,,200
/iowa/iowa-city/solar-permit-guide/,UNKNOWN,Iowa City,MidAmerican Energy Company,NONE,NONE,0,,200
/kansas/,UNKNOWN,,UNKNOWN,NONE,NONE,0,,200
/kentucky/,UNKNOWN,,UNKNOWN,NONE,NONE,0,,200
/kentucky/louisville/solar-permit-guide/,UNKNOWN,Louisville,Louisville Gas and Electric (LG&E),NONE,NONE,0,,200
/louisiana/baton-rouge/solar-permit-guide/,UNKNOWN,Baton Rouge,Entergy Louisiana,NONE,NONE,0,,200
/louisiana/,UNKNOWN,,UNKNOWN,NONE,NONE,0,,200
/maine/,UNKNOWN,,UNKNOWN,NONE,NONE,0,,200
/maine/south-portland/solar-permit-guide/,UNKNOWN,South Portland,Central Maine Power (CMP),NONE,NONE,0,,200
/maryland/,UNKNOWN,,UNKNOWN,NONE,NONE,0,,200
/maryland/montgomery-county/solar-permit-guide/,UNKNOWN,Montgomery County,Potomac Electric Power Company (Pepco),NONE,NONE,0,,200
/massachusetts/boston/solar-permit-guide/,UNKNOWN,Boston,Eversource,NONE,NONE,0,,200
/massachusetts/,UNKNOWN,,UNKNOWN,NONE,NONE,0,,200
/methodology/,UNKNOWN,,UNKNOWN,NONE,NONE,0,,200
/michigan/ann-arbor/solar-permit-guide/,UNKNOWN,Ann Arbor,DTE Energy,NONE,NONE,0,,200
/michigan/,UNKNOWN,,UNKNOWN,NONE,NONE,0,,200
/michigan/lansing/solar-permit-guide/,UNKNOWN,Lansing,Lansing Board of Water & Light (BWL),NONE,NONE,0,,200
/minnesota/,UNKNOWN,,UNKNOWN,NONE,NONE,0,,200
/minnesota/saint-paul/solar-permit-guide/,UNKNOWN,Saint Paul,Xcel Energy,NONE,NONE,0,,200
/mississippi/,UNKNOWN,,UNKNOWN,NONE,NONE,0,,200
/mississippi/jackson/solar-permit-guide/,UNKNOWN,Jackson,"Entergy Mississippi, LLC",NONE,NONE,0,,200
/missouri/,UNKNOWN,,UNKNOWN,NONE,NONE,0,,200
/montana/billings/solar-permit-guide/,UNKNOWN,Billings,NorthWestern Energy,NONE,NONE,0,,200
/montana/,UNKNOWN,,UNKNOWN,NONE,NONE,0,,200
/nebraska/,UNKNOWN,,UNKNOWN,NONE,NONE,0,,200
/nebraska/lincoln/solar-permit-guide/,UNKNOWN,Lincoln,Lincoln Electric System (LES),NONE,NONE,0,,200
/nevada/,UNKNOWN,,UNKNOWN,NONE,NONE,0,,200
/nevada/las-vegas/solar-permit-guide/,UNKNOWN,Las Vegas,Nevada Power Company d/b/a NV Energy,NONE,NONE,0,,200
/nevada/washoe-county/solar-permit-guide/,UNKNOWN,Washoe County,Sierra Pacific Power Company d/b/a NV Energy,NONE,NONE,0,,200
/new-hampshire/,UNKNOWN,,UNKNOWN,NONE,NONE,0,,200
/new-hampshire/lebanon/solar-permit-guide/,UNKNOWN,Lebanon,Eversource,NONE,NONE,0,,200
/new-jersey/,UNKNOWN,,UNKNOWN,NONE,NONE,0,,200
/new-jersey/jersey-city/solar-permit-guide/,UNKNOWN,Jersey City,Public Service Electric and Gas Company (PSE&G),NONE,NONE,0,,200
/new-jersey/newark/solar-permit-guide/,UNKNOWN,Newark,Public Service Electric and Gas Company (PSE&G),NONE,NONE,0,,200
/new-mexico/albuquerque/solar-permit-guide/,UNKNOWN,Albuquerque,Public Service Company of New Mexico (PNM),NONE,NONE,0,,200
/new-mexico/,UNKNOWN,,UNKNOWN,NONE,NONE,0,,200
/new-york/,UNKNOWN,,UNKNOWN,NONE,NONE,0,,200
/new-york/new-york-city/solar-permit-guide/,UNKNOWN,New York City,"Consolidated Edison Company of New York, Inc. (Con Edison)",NONE,NONE,0,,200
/north-carolina/,UNKNOWN,,UNKNOWN,NONE,NONE,0,,200
/north-carolina/raleigh/solar-permit-guide/,UNKNOWN,Raleigh,Duke Energy Progress,NONE,NONE,0,,200
/north-dakota/fargo/solar-permit-guide/,UNKNOWN,Fargo,Cass County Electric Cooperative,NONE,NONE,0,,200
/north-dakota/,UNKNOWN,,UNKNOWN,NONE,NONE,0,,200
/ohio/,UNKNOWN,,UNKNOWN,NONE,NONE,0,,200
/oklahoma/,UNKNOWN,,UNKNOWN,NONE,NONE,0,,200
/oklahoma/oklahoma-city/solar-permit-guide/,UNKNOWN,Oklahoma City,Oklahoma Gas and Electric Company (OG&E),NONE,NONE,0,,200
/oregon/eugene/solar-permit-guide/,UNKNOWN,Eugene,Eugene Water & Electric Board (EWEB),NONE,NONE,0,,200
/oregon/,UNKNOWN,,UNKNOWN,NONE,NONE,0,,200
/oregon/portland/solar-permit-guide/,UNKNOWN,Portland,Portland General Electric (PGE),NONE,NONE,0,,200
/partner-inquiry/,UNKNOWN,,UNKNOWN,NONE,NONE,0,,200
/partners/,UNKNOWN,,UNKNOWN,NONE,NONE,0,,200
/pennsylvania/,UNKNOWN,,UNKNOWN,NONE,NONE,0,,200
/pennsylvania/philadelphia/solar-permit-guide/,UNKNOWN,Philadelphia,PECO Energy Company (an Exelon company),NONE,NONE,0,,200
/permit-path/,UNKNOWN,,UNKNOWN,NONE,NONE,0,,200
/permits/,UNKNOWN,,UNKNOWN,NONE,NONE,0,,200
/privacy/,UNKNOWN,,UNKNOWN,NONE,NONE,0,,200
/pro/,UNKNOWN,,UNKNOWN,NONE,NONE,0,,200
/project-help/,UNKNOWN,,UNKNOWN,NONE,NONE,0,,200
/rhode-island/,UNKNOWN,,UNKNOWN,NONE,NONE,0,,200
/rhode-island/providence/solar-permit-guide/,UNKNOWN,Providence,Rhode Island Energy,NONE,NONE,0,,200
/search/,UNKNOWN,,UNKNOWN,NONE,NONE,0,,200
/south-carolina/,UNKNOWN,,UNKNOWN,NONE,NONE,0,,200
/south-carolina/sumter/solar-permit-guide/,UNKNOWN,Sumter,Duke Energy,NONE,NONE,0,,200
/south-dakota/,UNKNOWN,,UNKNOWN,NONE,NONE,0,,200
/tennessee/,UNKNOWN,,UNKNOWN,NONE,NONE,0,,200
/tennessee/nashville/solar-permit-guide/,UNKNOWN,Nashville,Nashville Electric Service (NES),NONE,NONE,0,,200
/terms/,UNKNOWN,,UNKNOWN,NONE,NONE,0,,200
/texas/austin/solar-permit-guide/,UNKNOWN,Austin,Austin Energy,NONE,NONE,0,,200
/texas/,UNKNOWN,,UNKNOWN,NONE,NONE,0,,200
/utah/,UNKNOWN,,UNKNOWN,NONE,NONE,0,,200
/utah/salt-lake-city/solar-permit-guide/,UNKNOWN,Salt Lake City,Rocky Mountain Power,NONE,NONE,0,,200
/vermont/,UNKNOWN,,UNKNOWN,NONE,NONE,0,,200
/vermont/vermont-statewide/solar-permit-guide/,UNKNOWN,Vermont (Statewide),Green Mountain Power (GMP),NONE,NONE,0,,200
/virginia/,UNKNOWN,,UNKNOWN,NONE,NONE,0,,200
/virginia/loudoun-county/solar-permit-guide/,UNKNOWN,Loudoun County,Dominion Energy Virginia,NONE,NONE,0,,200
/washington/,UNKNOWN,,UNKNOWN,NONE,NONE,0,,200
/washington/seattle/solar-permit-guide/,UNKNOWN,Seattle,Seattle City Light (SCL),NONE,NONE,0,,200
/west-virginia/charleston/solar-permit-guide/,UNKNOWN,Charleston,Appalachian Power Company (an AEP company),NONE,NONE,0,,200
/west-virginia/,UNKNOWN,,UNKNOWN,NONE,NONE,0,,200
/wisconsin/,UNKNOWN,,UNKNOWN,NONE,NONE,0,,200
/wisconsin/madison/solar-permit-guide/,UNKNOWN,Madison,Madison Gas and Electric (MGE),NONE,NONE,0,,200
/wisconsin/wauwatosa/solar-permit-guide/,UNKNOWN,Wauwatosa,We Energies,NONE,NONE,0,,200
/wyoming/,UNKNOWN,,UNKNOWN,NONE,NONE,0,,200
